libbacktrace-native.so	Java_backtraceio_library_BacktraceDatabase_addAttribute
libbacktrace-native.so	Java_backtraceio_library_BacktraceDatabase_disable
libbacktrace-native.so	Java_backtraceio_library_BacktraceDatabase_initialize
libbacktrace-native.so	Java_backtraceio_library_BacktraceDatabase_initializeJavaCrashHandler
libbacktrace-native.so	Java_backtraceio_library_base_BacktraceBase_crash
libbacktrace-native.so	Java_backtraceio_library_base_BacktraceBase_dumpWithoutCrash__Ljava_lang_String_2
libbacktrace-native.so	Java_backtraceio_library_base_BacktraceBase_dumpWithoutCrash__Ljava_lang_String_2Z
libbacktrace-native.so	Java_backtraceio_library_nativeCalls_BacktraceCrashHandler_handleCrash
libbacktrace-native.so	Java_backtraceio_library_nativeCalls_BacktraceCrashHandler_initializeCrashHandler
libbacktrace-native.so	Java_backtraceio_library_nativeCalls_BacktraceCrashHandler_initializeJavaCrashHandler
libdatastore_shared_counter.so	Java_androidx_datastore_core_NativeSharedCounter_nativeCreateSharedCounter
libdatastore_shared_counter.so	Java_androidx_datastore_core_NativeSharedCounter_nativeGetCounterValue
libdatastore_shared_counter.so	Java_androidx_datastore_core_NativeSharedCounter_nativeIncrementAndGetCounterValue
libdatastore_shared_counter.so	Java_androidx_datastore_core_NativeSharedCounter_nativeTruncateFile
libimage_processing_util_jni.so	Java_androidx_camera_core_ImageProcessingUtil_nativeConvertAndroid420ToABGR
libimage_processing_util_jni.so	Java_androidx_camera_core_ImageProcessingUtil_nativeConvertAndroid420ToBitmap
libimage_processing_util_jni.so	Java_androidx_camera_core_ImageProcessingUtil_nativeCopyBetweenByteBufferAndBitmap
libimage_processing_util_jni.so	Java_androidx_camera_core_ImageProcessingUtil_nativeGetYUVImageVUOff
libimage_processing_util_jni.so	Java_androidx_camera_core_ImageProcessingUtil_nativeNewDirectByteBuffer
libimage_processing_util_jni.so	Java_androidx_camera_core_ImageProcessingUtil_nativeRotateYUV
libimage_processing_util_jni.so	Java_androidx_camera_core_ImageProcessingUtil_nativeShiftPixel
libimage_processing_util_jni.so	Java_androidx_camera_core_ImageProcessingUtil_nativeWriteJpegToSurface
librenderscript-toolkit.so	Java_com_google_android_renderscript_Toolkit_createNative
librenderscript-toolkit.so	Java_com_google_android_renderscript_Toolkit_destroyNative
librenderscript-toolkit.so	Java_com_google_android_renderscript_Toolkit_nativeConvolve
librenderscript-toolkit.so	Java_com_google_android_renderscript_Toolkit_nativeConvolveBitmap
libroblox.so	Java_com_google_androidgamesdk_GameActivity_initializeNativeCode
libroblox.so	Java_com_roblox_audio_AppRtcDeviceWrapper_nativeAudioDeviceChanged
libroblox.so	Java_com_roblox_client_flags_FlagJniInterface_nativeGetFFlag
libroblox.so	Java_com_roblox_client_flags_FlagJniInterface_nativeGetFInt
libroblox.so	Java_com_roblox_client_flags_FlagJniInterface_nativeGetFString
libroblox.so	Java_com_roblox_client_flags_FlagJniInterface_nativeInitializeNativeFlags
libroblox.so	Java_com_roblox_client_flags_FlagJniInterface_nativeRegisterFFlag
libroblox.so	Java_com_roblox_client_flags_FlagJniInterface_nativeRegisterFInt
libroblox.so	Java_com_roblox_client_flags_FlagJniInterface_nativeRegisterFString
libroblox.so	Java_com_roblox_client_flags_FlagJniInterface_nativeRegisterJavaFlagProvider
libroblox.so	Java_com_roblox_client_JNIAAssetManagerSetup_initNative
libroblox.so	Java_com_roblox_client_LocalStorageManager_initStorageManagerNative
libroblox.so	Java_com_roblox_client_LocalStorageManager_initStorageManagerNativeV3
libroblox.so	Java_com_roblox_client_purchase_IAPPurchaseManager_nativeBeginPaymentsProtocolPurchase
libroblox.so	Java_com_roblox_client_purchase_IAPPurchaseManager_nativeBeginPaymentsProtocolPurchaseV2
libroblox.so	Java_com_roblox_client_purchase_IAPPurchaseManager_nativeFinishPaymentsProtocolPurchase
libroblox.so	Java_com_roblox_client_purchase_IAPPurchaseManager_nativeFinishPaymentsProtocolPurchaseV2
libroblox.so	Java_com_roblox_client_purchase_IAPPurchaseManager_nativeFinishPaymentsProtocolPurchaseWithReturn
libroblox.so	Java_com_roblox_client_purchase_IAPPurchaseManager_nativeInvokeStore
libroblox.so	Java_com_roblox_client_purchase_IAPPurchaseManager_nativePerformSubscriptionPurchase
libroblox.so	Java_com_roblox_client_purchase_IAPPurchaseManager_nativeSetCheckoutSessionId
libroblox.so	Java_com_roblox_client_purchase_IAPPurchaseManager_nativeSetMetricsPurchaseType
libroblox.so	Java_com_roblox_client_purchase_IAPPurchaseManager_nativeSetPaymentSessionId
libroblox.so	Java_com_roblox_client_purchase_IAPPurchaseManager_nativeSetPaymentsProtocolIsInApp
libroblox.so	Java_com_roblox_client_purchase_IAPPurchaseManager_nativeSetProviderCurrencyCode
libroblox.so	Java_com_roblox_client_purchase_IAPPurchaseManager_nativeSetPurchaseId
libroblox.so	Java_com_roblox_client_purchase_IAPPurchaseManager_nativeSetPurchaseTokenAndPackageNamePaymentsProtocol
libroblox.so	Java_com_roblox_client_purchase_IAPPurchaseManager_nativeSetUserId
libroblox.so	Java_com_roblox_client_scheduledwork_OtaConfigHandler_nativeCommitOtaConfig
libroblox.so	Java_com_roblox_client_scheduledwork_OtaConfigHandler_nativeVerifyAndPromoteBlob
libroblox.so	Java_com_roblox_client_scheduledwork_OtaConfigHandler_nativeVerifyOtaPatch
libroblox.so	Java_com_roblox_client_startup_MainGameActivity_nativeAppBridgeSetInitParams
libroblox.so	Java_com_roblox_client_startup_MainGameActivity_nativePreloadFlagOverrides
libroblox.so	Java_com_roblox_client_startup_MainGameActivity_nativeRetryInit
libroblox.so	Java_com_roblox_client_startup_MainGameActivity_nativeSetAssetPath
libroblox.so	Java_com_roblox_engine_jni_dev_DevBranchAndCommitInterface_nativeGetDevBranch
libroblox.so	Java_com_roblox_engine_jni_dev_DevBranchAndCommitInterface_nativeGetDevCommit
libroblox.so	Java_com_roblox_engine_jni_dev_DevBranchAndCommitInterface_nativeSetDevBranch
libroblox.so	Java_com_roblox_engine_jni_dev_DevBranchAndCommitInterface_nativeSetDevBranchCommitAndTrigger
libroblox.so	Java_com_roblox_engine_jni_dev_DevBranchAndCommitInterface_nativeSetDevCommit
libroblox.so	Java_com_roblox_engine_jni_dev_DevBranchAndCommitInterface_nativeTriggerAppConfigurationChanged
libroblox.so	Java_com_roblox_engine_jni_memstorage_Connection_disconnect
libroblox.so	Java_com_roblox_engine_jni_memstorage_Connection_releaseConnection
libroblox.so	Java_com_roblox_engine_jni_memstorage_MemStorage_bind
libroblox.so	Java_com_roblox_engine_jni_memstorage_MemStorage_fire
libroblox.so	Java_com_roblox_engine_jni_memstorage_MemStorage_getItem
libroblox.so	Java_com_roblox_engine_jni_memstorage_MemStorage_hasItem
libroblox.so	Java_com_roblox_engine_jni_memstorage_MemStorage_removeItem
libroblox.so	Java_com_roblox_engine_jni_memstorage_MemStorage_setItem
libroblox.so	Java_com_roblox_engine_jni_meta_NativeMetaInterface_getDeviceAttestationToken
libroblox.so	Java_com_roblox_engine_jni_NativeAppBridgeInterface_nativeAppBridgeAppStart__Ljava_lang_String_2Ljava_lang_String_2ZLjava_lang_String_2Ljava_lang_String_2Ljava_lang_String_2
libroblox.so	Java_com_roblox_engine_jni_NativeAppBridgeInterface_setIsFirstInstall
libroblox.so	Java_com_roblox_engine_jni_NativeGLInterface_enableVRVirtualInput
libroblox.so	Java_com_roblox_engine_jni_NativeGLInterface_getActiveShaders
libroblox.so	Java_com_roblox_engine_jni_NativeGLInterface_getIxpEnrolledExperiments
libroblox.so	Java_com_roblox_engine_jni_NativeGLInterface_initMaquettesSDK
libroblox.so	Java_com_roblox_engine_jni_NativeGLInterface_isColdStartDeeplinkToGame
libroblox.so	Java_com_roblox_engine_jni_NativeGLInterface_isVRVirtualInputFlagEnabled
libroblox.so	Java_com_roblox_engine_jni_NativeGLInterface_nativeAppBridgeStartLuaAppDM
libroblox.so	Java_com_roblox_engine_jni_NativeGLInterface_nativeAppBridgeV2DestroyApp
libroblox.so	Java_com_roblox_engine_jni_NativeGLInterface_nativeAppBridgeV2InitWithParams
libroblox.so	Java_com_roblox_engine_jni_NativeGLInterface_nativeAppBridgeV2LeaveGame
libroblox.so	Java_com_roblox_engine_jni_NativeGLInterface_nativeAppBridgeV2OnLowMemory
libroblox.so	Java_com_roblox_engine_jni_NativeGLInterface_nativeAppBridgeV2OnLowMemoryForRenderView
libroblox.so	Java_com_roblox_engine_jni_NativeGLInterface_nativeAppBridgeV2PauseApp
libroblox.so	Java_com_roblox_engine_jni_NativeGLInterface_nativeAppBridgeV2PauseGame
libroblox.so	Java_com_roblox_engine_jni_NativeGLInterface_nativeAppBridgeV2ResumeGameWithPlatformParams
libroblox.so	Java_com_roblox_engine_jni_NativeGLInterface_nativeAppBridgeV2SendAppEventOnAppReady
libroblox.so	Java_com_roblox_engine_jni_NativeGLInterface_nativeAppBridgeV2SendAppEventOnGameLoaded
libroblox.so	Java_com_roblox_engine_jni_NativeGLInterface_nativeAppBridgeV2StartAppWithParams
libroblox.so	Java_com_roblox_engine_jni_NativeGLInterface_nativeAppBridgeV2StartGameWithParam
libroblox.so	Java_com_roblox_engine_jni_NativeGLInterface_nativeAppBridgeV2UpdateSurfaceAppWithPlatformParams
libroblox.so	Java_com_roblox_engine_jni_NativeGLInterface_nativeAppBridgeV2UpdateSurfaceGameWithPlatformParams
libroblox.so	Java_com_roblox_engine_jni_NativeGLInterface_nativeAppBridgeV2UserDidLogout
libroblox.so	Java_com_roblox_engine_jni_NativeGLInterface_nativeBroadcastConnection
libroblox.so	Java_com_roblox_engine_jni_NativeGLInterface_nativeBroadcastEventWithNamespace
libroblox.so	Java_com_roblox_engine_jni_NativeGLInterface_nativeCallMessagesFromMainThread
libroblox.so	Java_com_roblox_engine_jni_NativeGLInterface_nativeFetchLmkdProperties
libroblox.so	Java_com_roblox_engine_jni_NativeGLInterface_nativeGameGlobalInit
libroblox.so	Java_com_roblox_engine_jni_NativeGLInterface_nativeGetTextBoxInfo
libroblox.so	Java_com_roblox_engine_jni_NativeGLInterface_nativeHandleBackPressed
libroblox.so	Java_com_roblox_engine_jni_NativeGLInterface_nativeImageSavedToAlbumFinished
libroblox.so	Java_com_roblox_engine_jni_NativeGLInterface_nativeInGamePurchaseFinished
libroblox.so	Java_com_roblox_engine_jni_NativeGLInterface_nativeInGamePurchaseFinishedV2
libroblox.so	Java_com_roblox_engine_jni_NativeGLInterface_nativeInitBenchmarkSettings
libroblox.so	Java_com_roblox_engine_jni_NativeGLInterface_nativeInitClientSettings
libroblox.so	Java_com_roblox_engine_jni_NativeGLInterface_nativeInitClientSettingsCached
libroblox.so	Java_com_roblox_engine_jni_NativeGLInterface_nativeInitClientSettingsCachedCompressed
libroblox.so	Java_com_roblox_engine_jni_NativeGLInterface_nativeInitClientSettingsSigned
libroblox.so	Java_com_roblox_engine_jni_NativeGLInterface_nativeMarketplacePurchaseFinished
libroblox.so	Java_com_roblox_engine_jni_NativeGLInterface_nativeOnExperienceSessionPause
libroblox.so	Java_com_roblox_engine_jni_NativeGLInterface_nativeOnExperienceSessionResume
libroblox.so	Java_com_roblox_engine_jni_NativeGLInterface_nativeOnFragmentStart
libroblox.so	Java_com_roblox_engine_jni_NativeGLInterface_nativeOnFragmentStop
libroblox.so	Java_com_roblox_engine_jni_NativeGLInterface_nativeOOAPPurchaseFinished
libroblox.so	Java_com_roblox_engine_jni_NativeGLInterface_nativePassCurrentDisplayRefreshRate
libroblox.so	Java_com_roblox_engine_jni_NativeGLInterface_nativePassKeyEvent
libroblox.so	Java_com_roblox_engine_jni_NativeGLInterface_nativePassSupportedRefreshRates
libroblox.so	Java_com_roblox_engine_jni_NativeGLInterface_nativePassText
libroblox.so	Java_com_roblox_engine_jni_NativeGLInterface_nativePostClientSettingsLoadedInitialization3
libroblox.so	Java_com_roblox_engine_jni_NativeGLInterface_nativeReleaseAllRbxEventStreams
libroblox.so	Java_com_roblox_engine_jni_NativeGLInterface_nativeReleaseFocus
libroblox.so	Java_com_roblox_engine_jni_NativeGLInterface_nativeReportToDiagByCountryCode
libroblox.so	Java_com_roblox_engine_jni_NativeGLInterface_nativeReturnPressedFromOnScreenKeyboard
libroblox.so	Java_com_roblox_engine_jni_NativeGLInterface_nativeScheduleOnFirstFrame
libroblox.so	Java_com_roblox_engine_jni_NativeGLInterface_nativeSendExtendedAnalytics
libroblox.so	Java_com_roblox_engine_jni_NativeGLInterface_nativeSendExtendedAnalyticsJoinData
libroblox.so	Java_com_roblox_engine_jni_NativeGLInterface_nativeSetAppPreviousExitReasons
libroblox.so	Java_com_roblox_engine_jni_NativeGLInterface_nativeUpdateAdapterInit
libroblox.so	Java_com_roblox_engine_jni_NativeGLInterface_nativeUpdateMobileHapticsState
libroblox.so	Java_com_roblox_engine_jni_NativeGLInterface_nativeUserGameSettingsGetReducedMotion
libroblox.so	Java_com_roblox_engine_jni_NativeGLInterface_readLocalFlags
libroblox.so	Java_com_roblox_engine_jni_NativeGLInterface_reportBatteryStateChanged
libroblox.so	Java_com_roblox_engine_jni_NativeGLInterface_reportBatteryStatus
libroblox.so	Java_com_roblox_engine_jni_NativeGLInterface_reportNetworkStateChanged
libroblox.so	Java_com_roblox_engine_jni_NativeGLInterface_reportThermalStateChanged
libroblox.so	Java_com_roblox_engine_jni_NativeGLInterface_screenTimeResume
libroblox.so	Java_com_roblox_engine_jni_NativeGLInterface_screenTimeStart
libroblox.so	Java_com_roblox_engine_jni_NativeGLInterface_screenTimeStartByGuac
libroblox.so	Java_com_roblox_engine_jni_NativeGLInterface_screenTimeStop
libroblox.so	Java_com_roblox_engine_jni_NativeGLInterface_setIrisJoinTimeEnabled
libroblox.so	Java_com_roblox_engine_jni_NativeGLInterface_setMobileAdvertisingId
libroblox.so	Java_com_roblox_engine_jni_NativeGLInterface_setTaskSchedulerBackgroundMode
libroblox.so	Java_com_roblox_engine_jni_NativeGLInterface_setVirtualVRJoyStickPosition
libroblox.so	Java_com_roblox_engine_jni_NativeGLInterface_setVRCameraCFrame
libroblox.so	Java_com_roblox_engine_jni_NativeGLInterface_setVRWorldRayCFrameFromScreenPosition
libroblox.so	Java_com_roblox_engine_jni_NativeGLInterface_setWebviewUserAgent
libroblox.so	Java_com_roblox_engine_jni_NativeGLInterface_shouldDisplayOpenGLUnsupportedMessage
libroblox.so	Java_com_roblox_engine_jni_NativeGLInterface_syncTextboxTextAndCursorPosition2
libroblox.so	Java_com_roblox_engine_jni_NativeGLInterface_takeScreenshot
libroblox.so	Java_com_roblox_engine_jni_NativeGLInterface_updateAppUISizes
libroblox.so	Java_com_roblox_engine_jni_NativeGLInterface_updateKeyboardSize
libroblox.so	Java_com_roblox_engine_jni_NativeInputInterface_nativeGamepadAxisEvent
libroblox.so	Java_com_roblox_engine_jni_NativeInputInterface_nativeGamepadButtonEvent
libroblox.so	Java_com_roblox_engine_jni_NativeInputInterface_nativeGamepadConnectEventWithGamepadType
libroblox.so	Java_com_roblox_engine_jni_NativeInputInterface_nativeGamepadDisconnectEvent
libroblox.so	Java_com_roblox_engine_jni_NativeInputInterface_nativeGetMainWindowIsMouseLockedCenter
libroblox.so	Java_com_roblox_engine_jni_NativeInputInterface_nativePassAccelerometerChange
libroblox.so	Java_com_roblox_engine_jni_NativeInputInterface_nativePassGravityChange
libroblox.so	Java_com_roblox_engine_jni_NativeInputInterface_nativePassGyroscopeChange
libroblox.so	Java_com_roblox_engine_jni_NativeInputInterface_nativePassInput
libroblox.so	Java_com_roblox_engine_jni_NativeInputInterface_nativePassInputBatch
libroblox.so	Java_com_roblox_engine_jni_NativeInputInterface_nativePassLongPressGesture
libroblox.so	Java_com_roblox_engine_jni_NativeInputInterface_nativePassMouseButton
libroblox.so	Java_com_roblox_engine_jni_NativeInputInterface_nativePassMouseMove
libroblox.so	Java_com_roblox_engine_jni_NativeInputInterface_nativePassMousePan
libroblox.so	Java_com_roblox_engine_jni_NativeInputInterface_nativePassMousePinch
libroblox.so	Java_com_roblox_engine_jni_NativeInputInterface_nativePassMouseWheel
libroblox.so	Java_com_roblox_engine_jni_NativeInputInterface_nativePassPanGestureMultitouch
libroblox.so	Java_com_roblox_engine_jni_NativeInputInterface_nativePassPanGestureWithVelocity
libroblox.so	Java_com_roblox_engine_jni_NativeInputInterface_nativePassPinchGesture
libroblox.so	Java_com_roblox_engine_jni_NativeInputInterface_nativePassRotateGesture
libroblox.so	Java_com_roblox_engine_jni_NativeInputInterface_nativePassSwipeGesture
libroblox.so	Java_com_roblox_engine_jni_NativeInputInterface_nativePassTapGesture
libroblox.so	Java_com_roblox_engine_jni_NativeInputInterface_nativePassTouchEndVelocity
libroblox.so	Java_com_roblox_engine_jni_NativeInputInterface_nativeSetAccelerometerEnabled
libroblox.so	Java_com_roblox_engine_jni_NativeInputInterface_nativeSetGamepadSupportedKeyWithGamepadType
libroblox.so	Java_com_roblox_engine_jni_NativeInputInterface_nativeSetGamepadSupportedMotionWithGamepadType
libroblox.so	Java_com_roblox_engine_jni_NativeInputInterface_nativeSetGyroscopeEnabled
libroblox.so	Java_com_roblox_engine_jni_NativeInputInterface_nativeSetTVRemoteSupportedKey
libroblox.so	Java_com_roblox_engine_jni_NativeInputInterface_nativeSignalGameStreamingResolutionReady
libroblox.so	Java_com_roblox_engine_jni_NativeInputInterface_nativeTVRemoteButtonEvent
libroblox.so	Java_com_roblox_engine_jni_NativeInputInterface_nativeTVRemoteConnectEvent
libroblox.so	Java_com_roblox_engine_jni_NativeInputInterface_nativeTVRemoteDisconnectEvent
libroblox.so	Java_com_roblox_engine_jni_NativeInputInterface_nativeUpdateScreenOrientation
libroblox.so	Java_com_roblox_engine_jni_NativeReportingInterface_addStopwatchCheckpoint
libroblox.so	Java_com_roblox_engine_jni_NativeReportingInterface_applicationBackgrounded
libroblox.so	Java_com_roblox_engine_jni_NativeReportingInterface_applicationForegrounded
libroblox.so	Java_com_roblox_engine_jni_NativeReportingInterface_flushEngineTelemetryV1Events
libroblox.so	Java_com_roblox_engine_jni_NativeReportingInterface_flushEngineTelemetryV2Events
libroblox.so	Java_com_roblox_engine_jni_NativeReportingInterface_gameBackgrounded
libroblox.so	Java_com_roblox_engine_jni_NativeReportingInterface_gameForegrounded
libroblox.so	Java_com_roblox_engine_jni_NativeReportingInterface_getPushNotificationSessionInfo
libroblox.so	Java_com_roblox_engine_jni_NativeReportingInterface_initAppShellReporter
libroblox.so	Java_com_roblox_engine_jni_NativeReportingInterface_initStopwatch
libroblox.so	Java_com_roblox_engine_jni_NativeReportingInterface_pushNotificationInteracted
libroblox.so	Java_com_roblox_engine_jni_NativeReportingInterface_pushNotificationReceived
libroblox.so	Java_com_roblox_engine_jni_NativeReportingInterface_reportStopwatchAllStats
libroblox.so	Java_com_roblox_engine_jni_NativeReportingInterface_setAppSuspended
libroblox.so	Java_com_roblox_engine_jni_NativeReportingInterface_stopPushNotificationSession
libroblox.so	Java_com_roblox_engine_jni_NativeSettingsInterface_getInteractiveAssertsEnabled
libroblox.so	Java_com_roblox_engine_jni_NativeSettingsInterface_getRunningArchitecture
libroblox.so	Java_com_roblox_engine_jni_NativeSettingsInterface_nativeConfigureDevRpc
libroblox.so	Java_com_roblox_engine_jni_NativeSettingsInterface_nativeCPUSupportsNEON
libroblox.so	Java_com_roblox_engine_jni_NativeSettingsInterface_nativeGetCookiesForDomain
libroblox.so	Java_com_roblox_engine_jni_NativeSettingsInterface_nativeGetCookiesInNetscapeFormat
libroblox.so	Java_com_roblox_engine_jni_NativeSettingsInterface_nativeGetCpuFamilyAndFeatures
libroblox.so	Java_com_roblox_engine_jni_NativeSettingsInterface_nativeGetDevRpcConfiguration
libroblox.so	Java_com_roblox_engine_jni_NativeSettingsInterface_nativeInitAppCrashpadReporter
libroblox.so	Java_com_roblox_engine_jni_NativeSettingsInterface_nativeInitCrashpad
libroblox.so	Java_com_roblox_engine_jni_NativeSettingsInterface_nativeInitFastLog
libroblox.so	Java_com_roblox_engine_jni_NativeSettingsInterface_nativeIsDevRpcEnabled
libroblox.so	Java_com_roblox_engine_jni_NativeSettingsInterface_nativeIsLuaLoginEnabled
libroblox.so	Java_com_roblox_engine_jni_NativeSettingsInterface_nativeOverrideChannelPlatformName
libroblox.so	Java_com_roblox_engine_jni_NativeSettingsInterface_nativeOverrideChannelPlatformName2
libroblox.so	Java_com_roblox_engine_jni_NativeSettingsInterface_nativeParseRandomChannelSelection
libroblox.so	Java_com_roblox_engine_jni_NativeSettingsInterface_nativeRunCrashpadHandler
libroblox.so	Java_com_roblox_engine_jni_NativeSettingsInterface_nativeSetBaseDataDirectories
libroblox.so	Java_com_roblox_engine_jni_NativeSettingsInterface_nativeSetBaseUrl
libroblox.so	Java_com_roblox_engine_jni_NativeSettingsInterface_nativeSetCacheDirectory
libroblox.so	Java_com_roblox_engine_jni_NativeSettingsInterface_nativeSetDefaultAppPolicyFile
libroblox.so	Java_com_roblox_engine_jni_NativeSettingsInterface_nativeSetDeviceInfo
libroblox.so	Java_com_roblox_engine_jni_NativeSettingsInterface_nativeSetExceptionReasonFilename
libroblox.so	Java_com_roblox_engine_jni_NativeSettingsInterface_nativeSetExternalDirectory
libroblox.so	Java_com_roblox_engine_jni_NativeSettingsInterface_nativeSetFilesDirectory
libroblox.so	Java_com_roblox_engine_jni_NativeSettingsInterface_nativeSetHttpClientProxy
libroblox.so	Java_com_roblox_engine_jni_NativeSettingsInterface_nativeSetMultipleCookies
libroblox.so	Java_com_roblox_engine_jni_NativeSettingsInterface_nativeSetPlatformHeadersWithIdfa
libroblox.so	Java_com_roblox_engine_jni_NativeSettingsInterface_nativeSetPreferencesFile
libroblox.so	Java_com_roblox_engine_jni_NativeSettingsInterface_nativeSetRobloxChannel
libroblox.so	Java_com_roblox_engine_jni_NativeSettingsInterface_nativeSetRobloxVersion
libroblox.so	Java_com_roblox_engine_jni_NativeSettingsInterface_nativeSetUserId
libroblox.so	Java_com_roblox_engine_jni_NativeVideoInterface_connectListener
libroblox.so	Java_com_roblox_engine_jni_NativeVideoInterface_createCameraStream
libroblox.so	Java_com_roblox_engine_jni_NativeVideoInterface_destroyCameraStream
libroblox.so	Java_com_roblox_engine_jni_NativeVideoInterface_nativeGetCameraDevices
libroblox.so	Java_com_roblox_engine_jni_NativeVideoInterface_openVideoStream
libroblox.so	Java_com_roblox_engine_jni_NativeVideoInterface_setPlaying
libroblox.so	Java_com_roblox_protocols_appagesignalsplatforminterface_generated_IAppAgeSignalsCore_00024CppProxy_native_1onGetAgeSignalFailed
libroblox.so	Java_com_roblox_protocols_appagesignalsplatforminterface_generated_IAppAgeSignalsCore_00024CppProxy_native_1onGetAgeSignalSucceeded
libroblox.so	Java_com_roblox_protocols_appagesignalsplatforminterface_generated_IAppAgeSignalsCore_00024CppProxy_nativeDestroy
libroblox.so	Java_com_roblox_protocols_appagesignalsplatforminterface_generated_IAppAgeSignalsCore_setPlatformImpl
libroblox.so	Java_com_roblox_protocols_appagesignalsplatforminterface_generated_IPlatformAppAgeSignals_00024CppProxy_native_1getAgeSignal
libroblox.so	Java_com_roblox_protocols_appagesignalsplatforminterface_generated_IPlatformAppAgeSignals_00024CppProxy_native_1isAgeSignalAvailable
libroblox.so	Java_com_roblox_protocols_appagesignalsplatforminterface_generated_IPlatformAppAgeSignals_00024CppProxy_nativeDestroy
libroblox.so	Java_com_roblox_protocols_apphangmonitor_AppHangMonitor_createAppHangMonitor
libroblox.so	Java_com_roblox_protocols_apphangmonitor_AppHangMonitor_nativePause
libroblox.so	Java_com_roblox_protocols_apphangmonitor_AppHangMonitor_nativeResume
libroblox.so	Java_com_roblox_protocols_apphangmonitor_AppHangMonitor_nativeStartMonitoring
libroblox.so	Java_com_roblox_protocols_bugreporterplatforminterface_generated_IBugReporterCore_00024CppProxy_native_1requestBugReport
libroblox.so	Java_com_roblox_protocols_bugreporterplatforminterface_generated_IBugReporterCore_00024CppProxy_nativeDestroy
libroblox.so	Java_com_roblox_protocols_bugreporterplatforminterface_generated_IBugReporterCore_setPlatformImpl
libroblox.so	Java_com_roblox_protocols_bugreporterplatforminterface_generated_IPlatformBugReporter_00024CppProxy_native_1isAvailable
libroblox.so	Java_com_roblox_protocols_bugreporterplatforminterface_generated_IPlatformBugReporter_00024CppProxy_nativeDestroy
libroblox.so	Java_com_roblox_protocols_designfoundationsplatforminterface_generated_IDesignFoundationsCoreListener_00024CppProxy_nativeDestroy
libroblox.so	Java_com_roblox_protocols_designfoundationsplatforminterface_generated_IDesignFoundationsCoreListener_setPlatformImpl
libroblox.so	Java_com_roblox_protocols_designfoundationsplatforminterface_generated_IPlatformDesignFoundations_00024CppProxy_native_1onTokensCleared
libroblox.so	Java_com_roblox_protocols_designfoundationsplatforminterface_generated_IPlatformDesignFoundations_00024CppProxy_native_1onTokensUpdated
libroblox.so	Java_com_roblox_protocols_designfoundationsplatforminterface_generated_IPlatformDesignFoundations_00024CppProxy_nativeDestroy
libroblox.so	Java_com_roblox_protocols_devicedisplayplatforminterface_generated_IDeviceDisplayHandlerCore_00024CppProxy_native_1getBrightness
libroblox.so	Java_com_roblox_protocols_devicedisplayplatforminterface_generated_IDeviceDisplayHandlerCore_00024CppProxy_native_1isAvailable
libroblox.so	Java_com_roblox_protocols_devicedisplayplatforminterface_generated_IDeviceDisplayHandlerCore_00024CppProxy_native_1setBrightness
libroblox.so	Java_com_roblox_protocols_devicedisplayplatforminterface_generated_IDeviceDisplayHandlerCore_00024CppProxy_native_1setBrightnessToDefault
libroblox.so	Java_com_roblox_protocols_devicedisplayplatforminterface_generated_IDeviceDisplayHandlerCore_00024CppProxy_nativeDestroy
libroblox.so	Java_com_roblox_protocols_devicedisplayplatforminterface_generated_IDeviceDisplayHandlerCore_setPlatformImpl
libroblox.so	Java_com_roblox_protocols_devicedisplayplatforminterface_generated_IPlatformDeviceDisplayHandler_00024CppProxy_native_1getBrightness
libroblox.so	Java_com_roblox_protocols_devicedisplayplatforminterface_generated_IPlatformDeviceDisplayHandler_00024CppProxy_native_1hasCapability
libroblox.so	Java_com_roblox_protocols_devicedisplayplatforminterface_generated_IPlatformDeviceDisplayHandler_00024CppProxy_native_1isAvailable
libroblox.so	Java_com_roblox_protocols_devicedisplayplatforminterface_generated_IPlatformDeviceDisplayHandler_00024CppProxy_native_1setBrightness
libroblox.so	Java_com_roblox_protocols_devicedisplayplatforminterface_generated_IPlatformDeviceDisplayHandler_00024CppProxy_native_1setBrightnessToDefault
libroblox.so	Java_com_roblox_protocols_devicedisplayplatforminterface_generated_IPlatformDeviceDisplayHandler_00024CppProxy_native_1setKeepAwake
libroblox.so	Java_com_roblox_protocols_devicedisplayplatforminterface_generated_IPlatformDeviceDisplayHandler_00024CppProxy_nativeDestroy
libroblox.so	Java_com_roblox_protocols_examplev2platforminterface_generated_IExampleHandlerCore_00024CppProxy_native_1onPrintCompleted
libroblox.so	Java_com_roblox_protocols_examplev2platforminterface_generated_IExampleHandlerCore_00024CppProxy_native_1sendNotification
libroblox.so	Java_com_roblox_protocols_examplev2platforminterface_generated_IExampleHandlerCore_00024CppProxy_nativeDestroy
libroblox.so	Java_com_roblox_protocols_examplev2platforminterface_generated_IExampleHandlerCore_setPlatformImpl
libroblox.so	Java_com_roblox_protocols_examplev2platforminterface_generated_IPlatformExampleHandler_00024CppProxy_native_1asyncPrintToNativeConsole
libroblox.so	Java_com_roblox_protocols_examplev2platforminterface_generated_IPlatformExampleHandler_00024CppProxy_native_1printToNativeConsole
libroblox.so	Java_com_roblox_protocols_examplev2platforminterface_generated_IPlatformExampleHandler_00024CppProxy_nativeDestroy
libroblox.so	Java_com_roblox_protocols_localstorageplatforminterface_generated_ILocalStorageHandlerCore_00024CppProxy_nativeDestroy
libroblox.so	Java_com_roblox_protocols_localstorageplatforminterface_generated_ILocalStorageHandlerCore_setPlatformImpl
libroblox.so	Java_com_roblox_protocols_localstorageplatforminterface_generated_IPlatformLocalStorageHandler_00024CppProxy_native_1deleteCurrentUserValues
libroblox.so	Java_com_roblox_protocols_localstorageplatforminterface_generated_IPlatformLocalStorageHandler_00024CppProxy_native_1deleteSecureValue
libroblox.so	Java_com_roblox_protocols_localstorageplatforminterface_generated_IPlatformLocalStorageHandler_00024CppProxy_native_1deleteUserValues
libroblox.so	Java_com_roblox_protocols_localstorageplatforminterface_generated_IPlatformLocalStorageHandler_00024CppProxy_native_1getCurrentUser
libroblox.so	Java_com_roblox_protocols_localstorageplatforminterface_generated_IPlatformLocalStorageHandler_00024CppProxy_native_1getSecureValue
libroblox.so	Java_com_roblox_protocols_localstorageplatforminterface_generated_IPlatformLocalStorageHandler_00024CppProxy_native_1getSecureValueForCurrentUser
libroblox.so	Java_com_roblox_protocols_localstorageplatforminterface_generated_IPlatformLocalStorageHandler_00024CppProxy_native_1getSecureValueForUser
libroblox.so	Java_com_roblox_protocols_localstorageplatforminterface_generated_IPlatformLocalStorageHandler_00024CppProxy_native_1getUsers
libroblox.so	Java_com_roblox_protocols_localstorageplatforminterface_generated_IPlatformLocalStorageHandler_00024CppProxy_native_1setCurrentUser
libroblox.so	Java_com_roblox_protocols_localstorageplatforminterface_generated_IPlatformLocalStorageHandler_00024CppProxy_native_1setSecureValue
libroblox.so	Java_com_roblox_protocols_localstorageplatforminterface_generated_IPlatformLocalStorageHandler_00024CppProxy_native_1setSecureValueForCurrentUser
libroblox.so	Java_com_roblox_protocols_localstorageplatforminterface_generated_IPlatformLocalStorageHandler_00024CppProxy_native_1setSecureValueForUser
libroblox.so	Java_com_roblox_protocols_localstorageplatforminterface_generated_IPlatformLocalStorageHandler_00024CppProxy_nativeDestroy
libroblox.so	Java_com_roblox_protocols_mediapicker_MediaPickerProtocol_getAssetFilePathParamName
libroblox.so	Java_com_roblox_protocols_mediapicker_MediaPickerProtocol_getAssetTypeImages
libroblox.so	Java_com_roblox_protocols_mediapicker_MediaPickerProtocol_getAssetTypeParamName
libroblox.so	Java_com_roblox_protocols_mediapicker_MediaPickerProtocol_getAssetTypeVideos
libroblox.so	Java_com_roblox_protocols_mediapicker_MediaPickerProtocol_getAvailableParamName
libroblox.so	Java_com_roblox_protocols_mediapicker_MediaPickerProtocol_getErrorParamName
libroblox.so	Java_com_roblox_protocols_mediapicker_MediaPickerProtocol_getIsAvailableId
libroblox.so	Java_com_roblox_protocols_mediapicker_MediaPickerProtocol_getPermissionsParamName
libroblox.so	Java_com_roblox_protocols_mediapicker_MediaPickerProtocol_getPickMediaId
libroblox.so	Java_com_roblox_protocols_mediapicker_MediaPickerProtocol_getProtocolName
libroblox.so	Java_com_roblox_protocols_mediapicker_MediaPickerProtocol_getSourceTypeCamera
libroblox.so	Java_com_roblox_protocols_mediapicker_MediaPickerProtocol_getSourceTypeLibrary
libroblox.so	Java_com_roblox_protocols_mediapicker_MediaPickerProtocol_getSourceTypeParamName
libroblox.so	Java_com_roblox_protocols_mediapicker_MediaPickerProtocol_initializeMediaPickerProtocol
libroblox.so	Java_com_roblox_protocols_mediapicker_MediaPickerProtocol_onMediaPickerResponse
libroblox.so	Java_com_roblox_protocols_pinshortcutplatforminterface_generated_IPinShortcutHandlerCore_00024CppProxy_nativeDestroy
libroblox.so	Java_com_roblox_protocols_pinshortcutplatforminterface_generated_IPinShortcutHandlerCore_setPlatformImpl
libroblox.so	Java_com_roblox_protocols_pinshortcutplatforminterface_generated_IPlatformPinShortcut_00024CppProxy_native_1isAvailable
libroblox.so	Java_com_roblox_protocols_pinshortcutplatforminterface_generated_IPlatformPinShortcut_00024CppProxy_native_1pinExperience
libroblox.so	Java_com_roblox_protocols_pinshortcutplatforminterface_generated_IPlatformPinShortcut_00024CppProxy_nativeDestroy
libroblox.so	Java_com_roblox_protocols_systemdialogplatforminterface_generated_IPlatformSystemDialogHandler_00024CppProxy_native_1dismiss
libroblox.so	Java_com_roblox_protocols_systemdialogplatforminterface_generated_IPlatformSystemDialogHandler_00024CppProxy_native_1dismissAll
libroblox.so	Java_com_roblox_protocols_systemdialogplatforminterface_generated_IPlatformSystemDialogHandler_00024CppProxy_native_1isAvailable
libroblox.so	Java_com_roblox_protocols_systemdialogplatforminterface_generated_IPlatformSystemDialogHandler_00024CppProxy_native_1open
libroblox.so	Java_com_roblox_protocols_systemdialogplatforminterface_generated_IPlatformSystemDialogHandler_00024CppProxy_nativeDestroy
libroblox.so	Java_com_roblox_protocols_systemdialogplatforminterface_generated_ISystemDialogCallback_00024CppProxy_native_1onCancelClicked
libroblox.so	Java_com_roblox_protocols_systemdialogplatforminterface_generated_ISystemDialogCallback_00024CppProxy_native_1onClosed
libroblox.so	Java_com_roblox_protocols_systemdialogplatforminterface_generated_ISystemDialogCallback_00024CppProxy_native_1onOkClicked
libroblox.so	Java_com_roblox_protocols_systemdialogplatforminterface_generated_ISystemDialogCallback_00024CppProxy_native_1onOpened
libroblox.so	Java_com_roblox_protocols_systemdialogplatforminterface_generated_ISystemDialogCallback_00024CppProxy_nativeDestroy
libroblox.so	Java_com_roblox_protocols_telemetrybindingsplatforminterface_generated_TelemetryBridge_00024CppProxy_nativeDestroy
libroblox.so	Java_com_roblox_protocols_telemetrybindingsplatforminterface_generated_TelemetryBridge_boolFieldValue
libroblox.so	Java_com_roblox_protocols_telemetrybindingsplatforminterface_generated_TelemetryBridge_doubleFieldValue
libroblox.so	Java_com_roblox_protocols_telemetrybindingsplatforminterface_generated_TelemetryBridge_intFieldValue
libroblox.so	Java_com_roblox_protocols_telemetrybindingsplatforminterface_generated_TelemetryBridge_logCounter
libroblox.so	Java_com_roblox_protocols_telemetrybindingsplatforminterface_generated_TelemetryBridge_logEvent
libroblox.so	Java_com_roblox_protocols_telemetrybindingsplatforminterface_generated_TelemetryBridge_logStat
libroblox.so	Java_com_roblox_protocols_telemetrybindingsplatforminterface_generated_TelemetryBridge_stringFieldValue
libroblox.so	Java_com_roblox_protocols_telemetrybindingsplatforminterface_generated_TelemetryBridge_telemetryConfig
libroblox.so	Java_com_roblox_protocols_telemetrybindingsplatforminterface_generated_TelemetryBridge_telemetryConfigV3
libroblox.so	Java_com_roblox_protocols_telemetrybindingsplatforminterface_generated_TelemetryBridge_telemetryData
libroblox.so	Java_com_roblox_protocols_webview_DomainAllowListChecker_checkDomainAllowList
libroblox.so	Java_com_roblox_protocols_webview_DomainAllowListChecker_enableDomainAllowListChecker
libroblox.so	Java_com_roblox_protocols_webview_DomainAllowListChecker_isKnownTrustedDomain
libroblox.so	Java_com_roblox_protocols_webview_WebViewProtocol_getAvailableKey
libroblox.so	Java_com_roblox_protocols_webview_WebViewProtocol_getBackButtonVisibleKey
libroblox.so	Java_com_roblox_protocols_webview_WebViewProtocol_getCloseWindowId
libroblox.so	Java_com_roblox_protocols_webview_WebViewProtocol_getFFlagWebViewHasBackButtonVisible
libroblox.so	Java_com_roblox_protocols_webview_WebViewProtocol_getFFlagWebViewHasHideHeader
libroblox.so	Java_com_roblox_protocols_webview_WebViewProtocol_getHandleWindowCloseId
libroblox.so	Java_com_roblox_protocols_webview_WebViewProtocol_getHideHeaderKey
libroblox.so	Java_com_roblox_protocols_webview_WebViewProtocol_getIsAvailableId
libroblox.so	Java_com_roblox_protocols_webview_WebViewProtocol_getIsVisibleKey
libroblox.so	Java_com_roblox_protocols_webview_WebViewProtocol_getMutateWindowId
libroblox.so	Java_com_roblox_protocols_webview_WebViewProtocol_getOpenWindowId
libroblox.so	Java_com_roblox_protocols_webview_WebViewProtocol_getProtocolName
libroblox.so	Java_com_roblox_protocols_webview_WebViewProtocol_getSearchParamsKey
libroblox.so	Java_com_roblox_protocols_webview_WebViewProtocol_getSearchTypeKey
libroblox.so	Java_com_roblox_protocols_webview_WebViewProtocol_getShowDomainAsTitleKey
libroblox.so	Java_com_roblox_protocols_webview_WebViewProtocol_getTitleKey
libroblox.so	Java_com_roblox_protocols_webview_WebViewProtocol_getUrlKey
libroblox.so	Java_com_roblox_protocols_webview_WebViewProtocol_getWindowTypeKey
libroblox.so	Java_com_roblox_protocols_webview_WebViewProtocol_initializeAndroidWebViewProtocol
libroblox.so	Java_com_roblox_protocols_webview_WebViewProtocol_signalJavascriptCallback
libroblox.so	Java_com_roblox_universalapp_account_JNIAccountProtocol_getAuthenticationDigitsKey
libroblox.so	Java_com_roblox_universalapp_account_JNIAccountProtocol_getClearDeviceListValue
libroblox.so	Java_com_roblox_universalapp_account_JNIAccountProtocol_getCodeKey
libroblox.so	Java_com_roblox_universalapp_account_JNIAccountProtocol_getConnectionInitValue
libroblox.so	Java_com_roblox_universalapp_account_JNIAccountProtocol_getDeviceIntegrityAvailableMethodName
libroblox.so	Java_com_roblox_universalapp_account_JNIAccountProtocol_getEndpointFoundValue
libroblox.so	Java_com_roblox_universalapp_account_JNIAccountProtocol_getEndpointIdKey
libroblox.so	Java_com_roblox_universalapp_account_JNIAccountProtocol_getEndpointLostValue
libroblox.so	Java_com_roblox_universalapp_account_JNIAccountProtocol_getEndpointNameKey
libroblox.so	Java_com_roblox_universalapp_account_JNIAccountProtocol_getEndpointTypeKey
libroblox.so	Java_com_roblox_universalapp_account_JNIAccountProtocol_getGetIntegrityTokenMethodName
libroblox.so	Java_com_roblox_universalapp_account_JNIAccountProtocol_getMagicLoginActionKey
libroblox.so	Java_com_roblox_universalapp_account_JNIAccountProtocol_getMagicLoginEventMethodName
libroblox.so	Java_com_roblox_universalapp_account_JNIAccountProtocol_getMagicLoginMethodName
libroblox.so	Java_com_roblox_universalapp_account_JNIAccountProtocol_getProtocolName
libroblox.so	Java_com_roblox_universalapp_account_JNIAccountProtocol_getRequestConnectionValue
libroblox.so	Java_com_roblox_universalapp_account_JNIAccountProtocol_getRequestHashKey
libroblox.so	Java_com_roblox_universalapp_account_JNIAccountProtocol_getResultKey
libroblox.so	Java_com_roblox_universalapp_account_JNIAccountProtocol_getStartAdvertisementValue
libroblox.so	Java_com_roblox_universalapp_account_JNIAccountProtocol_getStartDiscoveryValue
libroblox.so	Java_com_roblox_universalapp_account_JNIAccountProtocol_getStopAdvertisementValue
libroblox.so	Java_com_roblox_universalapp_account_JNIAccountProtocol_getStopDiscoveryValue
libroblox.so	Java_com_roblox_universalapp_account_JNIAccountProtocol_getSupportKey
libroblox.so	Java_com_roblox_universalapp_account_JNIAccountProtocol_getTimeoutKey
libroblox.so	Java_com_roblox_universalapp_account_JNIAccountProtocol_getTokenKey
libroblox.so	Java_com_roblox_universalapp_achievement_JNIAchievement_failure
libroblox.so	Java_com_roblox_universalapp_achievement_JNIAchievement_init
libroblox.so	Java_com_roblox_universalapp_achievement_JNIAchievement_success
libroblox.so	Java_com_roblox_universalapp_activitylifecyclecallbacks_JNIActivityLifecycleCallbacks_nativeOnCreated
libroblox.so	Java_com_roblox_universalapp_activitylifecyclecallbacks_JNIActivityLifecycleCallbacks_nativeOnDestroyed
libroblox.so	Java_com_roblox_universalapp_activitylifecyclecallbacks_JNIActivityLifecycleCallbacks_nativeOnPaused
libroblox.so	Java_com_roblox_universalapp_activitylifecyclecallbacks_JNIActivityLifecycleCallbacks_nativeOnPostCreated
libroblox.so	Java_com_roblox_universalapp_activitylifecyclecallbacks_JNIActivityLifecycleCallbacks_nativeOnPostDestroyed
libroblox.so	Java_com_roblox_universalapp_activitylifecyclecallbacks_JNIActivityLifecycleCallbacks_nativeOnPostPaused
libroblox.so	Java_com_roblox_universalapp_activitylifecyclecallbacks_JNIActivityLifecycleCallbacks_nativeOnPostResumed
libroblox.so	Java_com_roblox_universalapp_activitylifecyclecallbacks_JNIActivityLifecycleCallbacks_nativeOnPostStarted
libroblox.so	Java_com_roblox_universalapp_activitylifecyclecallbacks_JNIActivityLifecycleCallbacks_nativeOnPostStopped
libroblox.so	Java_com_roblox_universalapp_activitylifecyclecallbacks_JNIActivityLifecycleCallbacks_nativeOnPreCreated
libroblox.so	Java_com_roblox_universalapp_activitylifecyclecallbacks_JNIActivityLifecycleCallbacks_nativeOnPreDestroyed
libroblox.so	Java_com_roblox_universalapp_activitylifecyclecallbacks_JNIActivityLifecycleCallbacks_nativeOnPrePaused
libroblox.so	Java_com_roblox_universalapp_activitylifecyclecallbacks_JNIActivityLifecycleCallbacks_nativeOnPreResumed
libroblox.so	Java_com_roblox_universalapp_activitylifecyclecallbacks_JNIActivityLifecycleCallbacks_nativeOnPreStarted
libroblox.so	Java_com_roblox_universalapp_activitylifecyclecallbacks_JNIActivityLifecycleCallbacks_nativeOnPreStopped
libroblox.so	Java_com_roblox_universalapp_activitylifecyclecallbacks_JNIActivityLifecycleCallbacks_nativeOnResumed
libroblox.so	Java_com_roblox_universalapp_activitylifecyclecallbacks_JNIActivityLifecycleCallbacks_nativeOnSaveInstanceState
libroblox.so	Java_com_roblox_universalapp_activitylifecyclecallbacks_JNIActivityLifecycleCallbacks_nativeOnStarted
libroblox.so	Java_com_roblox_universalapp_activitylifecyclecallbacks_JNIActivityLifecycleCallbacks_nativeOnStopped
libroblox.so	Java_com_roblox_universalapp_ads_JNINativeAdsProtocol_getAdProgressMessageName
libroblox.so	Java_com_roblox_universalapp_ads_JNINativeAdsProtocol_getAdTracingIdFieldName
libroblox.so	Java_com_roblox_universalapp_ads_JNINativeAdsProtocol_getAdUnitIdFieldName
libroblox.so	Java_com_roblox_universalapp_ads_JNINativeAdsProtocol_getClickCTAMessageName
libroblox.so	Java_com_roblox_universalapp_ads_JNINativeAdsProtocol_getCloseAdMessageName
libroblox.so	Java_com_roblox_universalapp_ads_JNINativeAdsProtocol_getErrorMessageFieldName
libroblox.so	Java_com_roblox_universalapp_ads_JNINativeAdsProtocol_getExperimentVariantFieldName
libroblox.so	Java_com_roblox_universalapp_ads_JNINativeAdsProtocol_getGetQueryInfoMessageName
libroblox.so	Java_com_roblox_universalapp_ads_JNINativeAdsProtocol_getInitMessageName
libroblox.so	Java_com_roblox_universalapp_ads_JNINativeAdsProtocol_getInitWithCallbackMessageName
libroblox.so	Java_com_roblox_universalapp_ads_JNINativeAdsProtocol_getInstallMessageName
libroblox.so	Java_com_roblox_universalapp_ads_JNINativeAdsProtocol_getInstantInstallFieldName
libroblox.so	Java_com_roblox_universalapp_ads_JNINativeAdsProtocol_getIsAdLoadedMessageName
libroblox.so	Java_com_roblox_universalapp_ads_JNINativeAdsProtocol_getProtocolName
libroblox.so	Java_com_roblox_universalapp_ads_JNINativeAdsProtocol_getReportAdMessageName
libroblox.so	Java_com_roblox_universalapp_ads_JNINativeAdsProtocol_getSetAdStringMessageName
libroblox.so	Java_com_roblox_universalapp_ads_JNINativeAdsProtocol_getSetAdStringWithCallbackMessageName
libroblox.so	Java_com_roblox_universalapp_ads_JNINativeAdsProtocol_getSetAdStringWithDetailedCallbackMessageName
libroblox.so	Java_com_roblox_universalapp_ads_JNINativeAdsProtocol_getShowAdMessageName
libroblox.so	Java_com_roblox_universalapp_ads_JNINativeAdsProtocol_getUninstallMessageName
libroblox.so	Java_com_roblox_universalapp_applifecyclenativeadapter_JNIAppLifecycleNativeAdapter_setActive
libroblox.so	Java_com_roblox_universalapp_applifecyclenativeadapter_JNIAppLifecycleNativeAdapter_setDetached
libroblox.so	Java_com_roblox_universalapp_applifecyclenativeadapter_JNIAppLifecycleNativeAdapter_setHidden
libroblox.so	Java_com_roblox_universalapp_applifecyclenativeadapter_JNIAppLifecycleNativeAdapter_setInactive
libroblox.so	Java_com_roblox_universalapp_call_JNICallProtocol_getCallActionKey
libroblox.so	Java_com_roblox_universalapp_call_JNICallProtocol_getCalleeCombinedNameKey
libroblox.so	Java_com_roblox_universalapp_call_JNICallProtocol_getCalleeUserIdKey
libroblox.so	Java_com_roblox_universalapp_call_JNICallProtocol_getCallerCombinedNameKey
libroblox.so	Java_com_roblox_universalapp_call_JNICallProtocol_getCallerUserIdKey
libroblox.so	Java_com_roblox_universalapp_call_JNICallProtocol_getCallIdKey
libroblox.so	Java_com_roblox_universalapp_call_JNICallProtocol_getCancelCallId
libroblox.so	Java_com_roblox_universalapp_call_JNICallProtocol_getCreatedUtcKey
libroblox.so	Java_com_roblox_universalapp_call_JNICallProtocol_getFinishCallId
libroblox.so	Java_com_roblox_universalapp_call_JNICallProtocol_getGameInstanceIdKey
libroblox.so	Java_com_roblox_universalapp_call_JNICallProtocol_getHandleActiveCallId
libroblox.so	Java_com_roblox_universalapp_call_JNICallProtocol_getHandleAnswerCallId
libroblox.so	Java_com_roblox_universalapp_call_JNICallProtocol_getHandleConnectingCallId
libroblox.so	Java_com_roblox_universalapp_call_JNICallProtocol_getHandleEndCallId
libroblox.so	Java_com_roblox_universalapp_call_JNICallProtocol_getHandleInitCallId
libroblox.so	Java_com_roblox_universalapp_call_JNICallProtocol_getHandleReceiveCallId
libroblox.so	Java_com_roblox_universalapp_call_JNICallProtocol_getHandleRemovePendingReceivedCall
libroblox.so	Java_com_roblox_universalapp_call_JNICallProtocol_getHandleTeleportingCallId
libroblox.so	Java_com_roblox_universalapp_call_JNICallProtocol_getInitCallId
libroblox.so	Java_com_roblox_universalapp_call_JNICallProtocol_getIsCalleeMicEnabledKey
libroblox.so	Java_com_roblox_universalapp_call_JNICallProtocol_getIsDuplicateKey
libroblox.so	Java_com_roblox_universalapp_call_JNICallProtocol_getIsExpiredKey
libroblox.so	Java_com_roblox_universalapp_call_JNICallProtocol_getNotificationIdKey
libroblox.so	Java_com_roblox_universalapp_call_JNICallProtocol_getPlaceIdKey
libroblox.so	Java_com_roblox_universalapp_call_JNICallProtocol_getReceiveCallId
libroblox.so	Java_com_roblox_universalapp_call_JNICallProtocol_getRejectCallId
libroblox.so	Java_com_roblox_universalapp_call_JNICallProtocol_getReservedServerAccessCodeKey
libroblox.so	Java_com_roblox_universalapp_call_JNICallProtocol_getSuppressCallId
libroblox.so	Java_com_roblox_universalapp_call_JNICallProtocol_receiveCall
libroblox.so	Java_com_roblox_universalapp_cookie_JNICookieManager_convertCookiesToNetscape
libroblox.so	Java_com_roblox_universalapp_cookie_JNICookieManager_getCookie
libroblox.so	Java_com_roblox_universalapp_cookie_JNICookieManager_setCookie
libroblox.so	Java_com_roblox_universalapp_cookie_JNICookieManager_setCookiesFromDisk
libroblox.so	Java_com_roblox_universalapp_cookie_JNICookieProtocol_updateOnSetCookieHandler
libroblox.so	Java_com_roblox_universalapp_experience_JNIExperienceProtocol_getLaunchId
libroblox.so	Java_com_roblox_universalapp_externalcontentsharing_JNIExternalContentSharingProtocol_getShareImageId
libroblox.so	Java_com_roblox_universalapp_externalcontentsharing_JNIExternalContentSharingProtocol_getShareTextId
libroblox.so	Java_com_roblox_universalapp_externalcontentsharing_JNIExternalContentSharingProtocol_getShareUrlId
libroblox.so	Java_com_roblox_universalapp_externalcontentsharing_JNIExternalContentSharingProtocol_getShareVideoId
libroblox.so	Java_com_roblox_universalapp_facialageestimation_JNIInquiryResultListener_onCancel
libroblox.so	Java_com_roblox_universalapp_facialageestimation_JNIInquiryResultListener_onComplete
libroblox.so	Java_com_roblox_universalapp_facialageestimation_JNIInquiryResultListener_onError
libroblox.so	Java_com_roblox_universalapp_linking_JNIBaseUrlProtocol_init
libroblox.so	Java_com_roblox_universalapp_linking_JNIBaseUrlProtocol_maybeHandleColdStartProtocolLaunch
libroblox.so	Java_com_roblox_universalapp_linking_JNILinkingProtocol_getAttributionAdNameKey
libroblox.so	Java_com_roblox_universalapp_linking_JNILinkingProtocol_getAttributionUrlKey
libroblox.so	Java_com_roblox_universalapp_linking_JNILinkingProtocol_getDetectURLId
libroblox.so	Java_com_roblox_universalapp_linking_JNILinkingProtocol_getDomainKey
libroblox.so	Java_com_roblox_universalapp_linking_JNILinkingProtocol_getDomainPlatform
libroblox.so	Java_com_roblox_universalapp_linking_JNILinkingProtocol_getEnableTrackingKey
libroblox.so	Java_com_roblox_universalapp_linking_JNILinkingProtocol_getHandleEngineURLId
libroblox.so	Java_com_roblox_universalapp_linking_JNILinkingProtocol_getHandleLuaURLId
libroblox.so	Java_com_roblox_universalapp_linking_JNILinkingProtocol_getHandlePlatformURLId
libroblox.so	Java_com_roblox_universalapp_linking_JNILinkingProtocol_getIsRegisteredKey
libroblox.so	Java_com_roblox_universalapp_linking_JNILinkingProtocol_getIsTrackingAvailableId
libroblox.so	Java_com_roblox_universalapp_linking_JNILinkingProtocol_getIsURLRegisteredId
libroblox.so	Java_com_roblox_universalapp_linking_JNILinkingProtocol_getIsURLRegisteredRequestId
libroblox.so	Java_com_roblox_universalapp_linking_JNILinkingProtocol_getIsURLRegisteredResponseId
libroblox.so	Java_com_roblox_universalapp_linking_JNILinkingProtocol_getMatchedUrlKey
libroblox.so	Java_com_roblox_universalapp_linking_JNILinkingProtocol_getOpenURLId
libroblox.so	Java_com_roblox_universalapp_linking_JNILinkingProtocol_getOpenURLRequestId
libroblox.so	Java_com_roblox_universalapp_linking_JNILinkingProtocol_getOpenURLResponseId
libroblox.so	Java_com_roblox_universalapp_linking_JNILinkingProtocol_getPendingURLId
libroblox.so	Java_com_roblox_universalapp_linking_JNILinkingProtocol_getProtocolName
libroblox.so	Java_com_roblox_universalapp_linking_JNILinkingProtocol_getRegisterURLId
libroblox.so	Java_com_roblox_universalapp_linking_JNILinkingProtocol_getSetTrackingEnabledId
libroblox.so	Java_com_roblox_universalapp_linking_JNILinkingProtocol_getSetUIDId
libroblox.so	Java_com_roblox_universalapp_linking_JNILinkingProtocol_getSuccessKey
libroblox.so	Java_com_roblox_universalapp_linking_JNILinkingProtocol_getTrackingAvailableKey
libroblox.so	Java_com_roblox_universalapp_linking_JNILinkingProtocol_getUIDKey
libroblox.so	Java_com_roblox_universalapp_linking_JNILinkingProtocol_getUrlKey
libroblox.so	Java_com_roblox_universalapp_linking_JNILinkingProtocol_nativeReportReceived__Ljava_lang_String_2Ljava_lang_String_2
libroblox.so	Java_com_roblox_universalapp_linking_JNILinkingProtocol_nativeReportReceived__Ljava_lang_String_2Ljava_lang_String_2Z
libroblox.so	Java_com_roblox_universalapp_linking_JNIWebLoginProtocol_init
libroblox.so	Java_com_roblox_universalapp_linking_JNIWebLoginProtocol_maybeHandleColdStartProtocolLaunch
libroblox.so	Java_com_roblox_universalapp_logging_JNILoggingProtocol_nativeGetTimestamp
libroblox.so	Java_com_roblox_universalapp_logging_JNILoggingProtocol_nativeLogEvent
libroblox.so	Java_com_roblox_universalapp_logging_JNILoggingProtocol_nativeLogRobloxTelemetryEvent
libroblox.so	Java_com_roblox_universalapp_messagebus_Connection_deleteSharedPtr
libroblox.so	Java_com_roblox_universalapp_messagebus_Connection_isConnected
libroblox.so	Java_com_roblox_universalapp_messagebus_MessageBus_callResponseHandlerRaw
libroblox.so	Java_com_roblox_universalapp_messagebus_MessageBus_clearRequestHandler
libroblox.so	Java_com_roblox_universalapp_messagebus_MessageBus_doSubscribeProtocolMethodRequestRaw
libroblox.so	Java_com_roblox_universalapp_messagebus_MessageBus_doSubscribeProtocolMethodResponseRaw
libroblox.so	Java_com_roblox_universalapp_messagebus_MessageBus_doSubscribeRaw
libroblox.so	Java_com_roblox_universalapp_messagebus_MessageBus_getLastRaw
libroblox.so	Java_com_roblox_universalapp_messagebus_MessageBus_getMessageId
libroblox.so	Java_com_roblox_universalapp_messagebus_MessageBus_makeRequest
libroblox.so	Java_com_roblox_universalapp_messagebus_MessageBus_makeRequestRaw
libroblox.so	Java_com_roblox_universalapp_messagebus_MessageBus_publishProtocolMethodRequestRaw
libroblox.so	Java_com_roblox_universalapp_messagebus_MessageBus_publishProtocolMethodResponseRaw
libroblox.so	Java_com_roblox_universalapp_messagebus_MessageBus_publishRaw
libroblox.so	Java_com_roblox_universalapp_messagebus_MessageBus_reportProtocolMethodRequestTelemetryData
libroblox.so	Java_com_roblox_universalapp_messagebus_MessageBus_reportProtocolMethodResponseTelemetryData
libroblox.so	Java_com_roblox_universalapp_messagebus_MessageBus_setRequestHandler
libroblox.so	Java_com_roblox_universalapp_messagebus_MessageBus_setRequestHandlerAsync
libroblox.so	Java_com_roblox_universalapp_messagebus_MessageBus_setRequestHandlerAsyncRaw
libroblox.so	Java_com_roblox_universalapp_messagebus_MessageBus_setRequestHandlerRaw
libroblox.so	Java_com_roblox_universalapp_messagebus_MessageBus_subscribe
libroblox.so	Java_com_roblox_universalapp_systemtheme_JNISystemThemeProtocol_getProtocolName
libroblox.so	Java_com_roblox_universalapp_systemtheme_JNISystemThemeProtocol_getSystemThemeParamKey
libroblox.so	Java_com_roblox_universalapp_systemtheme_JNISystemThemeProtocol_getSystemThemeSetThemeMessage
libroblox.so	Java_com_roblox_universalapp_systemtheme_JNISystemThemeProtocol_getSystemThemeUpdatedMessage
libroblox.so	Java_com_roblox_universalapp_webrtc_WebRtcLoader_initialize
libroblox.so	Java_com_roblox_universalapp_widgets_JNIWidgetDataProtocol_getProtocolName
libroblox.so	Java_com_roblox_universalapp_widgets_JNIWidgetDataProtocol_getRecentlyPlayedRequestMessage
libroblox.so	Java_com_roblox_universalapp_widgets_JNIWidgetDataProtocol_getRecentlyPlayedWidgetVariant
libroblox.so	Java_com_roblox_universalapp_widgets_JNIWidgetDataProtocol_initializeProtocol
libroblox.so	Java_org_fmod_FMOD_OutputAAudioHeadphonesChanged
libsurface_util_jni.so	Java_androidx_camera_core_impl_utils_SurfaceUtil_nativeGetSurfaceInfo
libzstd-jni-1.5.7-6.so	Java_com_github_luben_zstd_Zstd_blockSizeMax
libzstd-jni-1.5.7-6.so	Java_com_github_luben_zstd_ZstdBufferDecompressingStreamNoFinalizer_createDStreamNative
libzstd-jni-1.5.7-6.so	Java_com_github_luben_zstd_ZstdBufferDecompressingStreamNoFinalizer_decompressStreamNative
libzstd-jni-1.5.7-6.so	Java_com_github_luben_zstd_ZstdBufferDecompressingStreamNoFinalizer_freeDStreamNative
libzstd-jni-1.5.7-6.so	Java_com_github_luben_zstd_ZstdBufferDecompressingStreamNoFinalizer_initDStreamNative
libzstd-jni-1.5.7-6.so	Java_com_github_luben_zstd_ZstdBufferDecompressingStreamNoFinalizer_recommendedDOutSizeNative
libzstd-jni-1.5.7-6.so	Java_com_github_luben_zstd_Zstd_chainLogMax
libzstd-jni-1.5.7-6.so	Java_com_github_luben_zstd_Zstd_chainLogMin
libzstd-jni-1.5.7-6.so	Java_com_github_luben_zstd_Zstd_compressBound
libzstd-jni-1.5.7-6.so	Java_com_github_luben_zstd_ZstdCompressCtx_compressByteArray0
libzstd-jni-1.5.7-6.so	Java_com_github_luben_zstd_ZstdCompressCtx_compressDirectByteBuffer0
libzstd-jni-1.5.7-6.so	Java_com_github_luben_zstd_ZstdCompressCtx_compressDirectByteBufferStream0
libzstd-jni-1.5.7-6.so	Java_com_github_luben_zstd_ZstdCompressCtx_free
libzstd-jni-1.5.7-6.so	Java_com_github_luben_zstd_ZstdCompressCtx_getFrameProgression0
libzstd-jni-1.5.7-6.so	Java_com_github_luben_zstd_ZstdCompressCtx_init
libzstd-jni-1.5.7-6.so	Java_com_github_luben_zstd_ZstdCompressCtx_loadCDict0
libzstd-jni-1.5.7-6.so	Java_com_github_luben_zstd_ZstdCompressCtx_loadCDictFast0
libzstd-jni-1.5.7-6.so	Java_com_github_luben_zstd_ZstdCompressCtx_reset0
libzstd-jni-1.5.7-6.so	Java_com_github_luben_zstd_ZstdCompressCtx_setChecksum0
libzstd-jni-1.5.7-6.so	Java_com_github_luben_zstd_ZstdCompressCtx_setContentSize0
libzstd-jni-1.5.7-6.so	Java_com_github_luben_zstd_ZstdCompressCtx_setDictID0
libzstd-jni-1.5.7-6.so	Java_com_github_luben_zstd_ZstdCompressCtx_setLevel0
libzstd-jni-1.5.7-6.so	Java_com_github_luben_zstd_ZstdCompressCtx_setPledgedSrcSize0
libzstd-jni-1.5.7-6.so	Java_com_github_luben_zstd_Zstd_compressDirectByteBufferFastDict0
libzstd-jni-1.5.7-6.so	Java_com_github_luben_zstd_Zstd_compressFastDict0
libzstd-jni-1.5.7-6.so	Java_com_github_luben_zstd_Zstd_compressUnsafe
libzstd-jni-1.5.7-6.so	Java_com_github_luben_zstd_ZstdDecompressCtx_decompressByteArray0
libzstd-jni-1.5.7-6.so	Java_com_github_luben_zstd_ZstdDecompressCtx_decompressByteArrayToDirectByteBuffer0
libzstd-jni-1.5.7-6.so	Java_com_github_luben_zstd_ZstdDecompressCtx_decompressDirectByteBuffer0
libzstd-jni-1.5.7-6.so	Java_com_github_luben_zstd_ZstdDecompressCtx_decompressDirectByteBufferStream0
libzstd-jni-1.5.7-6.so	Java_com_github_luben_zstd_ZstdDecompressCtx_decompressDirectByteBufferToByteArray0
libzstd-jni-1.5.7-6.so	Java_com_github_luben_zstd_ZstdDecompressCtx_free
libzstd-jni-1.5.7-6.so	Java_com_github_luben_zstd_ZstdDecompressCtx_init
libzstd-jni-1.5.7-6.so	Java_com_github_luben_zstd_ZstdDecompressCtx_loadDDict0
libzstd-jni-1.5.7-6.so	Java_com_github_luben_zstd_ZstdDecompressCtx_loadDDictFast0
libzstd-jni-1.5.7-6.so	Java_com_github_luben_zstd_ZstdDecompressCtx_reset0
libzstd-jni-1.5.7-6.so	Java_com_github_luben_zstd_Zstd_decompressDirectByteBufferFastDict0
libzstd-jni-1.5.7-6.so	Java_com_github_luben_zstd_Zstd_decompressedDirectByteBufferSize
libzstd-jni-1.5.7-6.so	Java_com_github_luben_zstd_Zstd_decompressedSize0
libzstd-jni-1.5.7-6.so	Java_com_github_luben_zstd_Zstd_decompressFastDict0
libzstd-jni-1.5.7-6.so	Java_com_github_luben_zstd_Zstd_decompressUnsafe
libzstd-jni-1.5.7-6.so	Java_com_github_luben_zstd_Zstd_defaultCompressionLevel
libzstd-jni-1.5.7-6.so	Java_com_github_luben_zstd_ZstdDictCompress_free
libzstd-jni-1.5.7-6.so	Java_com_github_luben_zstd_ZstdDictCompress_init
libzstd-jni-1.5.7-6.so	Java_com_github_luben_zstd_ZstdDictCompress_initDirect
libzstd-jni-1.5.7-6.so	Java_com_github_luben_zstd_ZstdDictDecompress_free
libzstd-jni-1.5.7-6.so	Java_com_github_luben_zstd_ZstdDictDecompress_init
libzstd-jni-1.5.7-6.so	Java_com_github_luben_zstd_ZstdDictDecompress_initDirect
libzstd-jni-1.5.7-6.so	Java_com_github_luben_zstd_ZstdDirectBufferCompressingStreamNoFinalizer_compressDirectByteBuffer
libzstd-jni-1.5.7-6.so	Java_com_github_luben_zstd_ZstdDirectBufferCompressingStreamNoFinalizer_createCStream
libzstd-jni-1.5.7-6.so	Java_com_github_luben_zstd_ZstdDirectBufferCompressingStreamNoFinalizer_endStream
libzstd-jni-1.5.7-6.so	Java_com_github_luben_zstd_ZstdDirectBufferCompressingStreamNoFinalizer_flushStream
libzstd-jni-1.5.7-6.so	Java_com_github_luben_zstd_ZstdDirectBufferCompressingStreamNoFinalizer_freeCStream
libzstd-jni-1.5.7-6.so	Java_com_github_luben_zstd_ZstdDirectBufferCompressingStreamNoFinalizer_initCStream
libzstd-jni-1.5.7-6.so	Java_com_github_luben_zstd_ZstdDirectBufferCompressingStreamNoFinalizer_initCStreamWithDict
libzstd-jni-1.5.7-6.so	Java_com_github_luben_zstd_ZstdDirectBufferCompressingStreamNoFinalizer_initCStreamWithFastDict
libzstd-jni-1.5.7-6.so	Java_com_github_luben_zstd_ZstdDirectBufferCompressingStreamNoFinalizer_recommendedCOutSize
libzstd-jni-1.5.7-6.so	Java_com_github_luben_zstd_ZstdDirectBufferDecompressingStreamNoFinalizer_createDStreamNative
libzstd-jni-1.5.7-6.so	Java_com_github_luben_zstd_ZstdDirectBufferDecompressingStreamNoFinalizer_decompressStreamNative
libzstd-jni-1.5.7-6.so	Java_com_github_luben_zstd_ZstdDirectBufferDecompressingStreamNoFinalizer_freeDStreamNative
libzstd-jni-1.5.7-6.so	Java_com_github_luben_zstd_ZstdDirectBufferDecompressingStreamNoFinalizer_initDStreamNative
libzstd-jni-1.5.7-6.so	Java_com_github_luben_zstd_ZstdDirectBufferDecompressingStreamNoFinalizer_recommendedDOutSizeNative
libzstd-jni-1.5.7-6.so	Java_com_github_luben_zstd_Zstd_errChecksumWrong
libzstd-jni-1.5.7-6.so	Java_com_github_luben_zstd_Zstd_errCorruptionDetected
libzstd-jni-1.5.7-6.so	Java_com_github_luben_zstd_Zstd_errDictionaryCorrupted
libzstd-jni-1.5.7-6.so	Java_com_github_luben_zstd_Zstd_errDictionaryCreationFailed
libzstd-jni-1.5.7-6.so	Java_com_github_luben_zstd_Zstd_errDictionaryWrong
libzstd-jni-1.5.7-6.so	Java_com_github_luben_zstd_Zstd_errDstBufferNull
libzstd-jni-1.5.7-6.so	Java_com_github_luben_zstd_Zstd_errDstSizeTooSmall
libzstd-jni-1.5.7-6.so	Java_com_github_luben_zstd_Zstd_errFrameParameterUnsupported
libzstd-jni-1.5.7-6.so	Java_com_github_luben_zstd_Zstd_errFrameParameterWindowTooLarge
libzstd-jni-1.5.7-6.so	Java_com_github_luben_zstd_Zstd_errGeneric
libzstd-jni-1.5.7-6.so	Java_com_github_luben_zstd_Zstd_errInitMissing
libzstd-jni-1.5.7-6.so	Java_com_github_luben_zstd_Zstd_errMaxSymbolValueTooLarge
libzstd-jni-1.5.7-6.so	Java_com_github_luben_zstd_Zstd_errMaxSymbolValueTooSmall
libzstd-jni-1.5.7-6.so	Java_com_github_luben_zstd_Zstd_errMemoryAllocation
libzstd-jni-1.5.7-6.so	Java_com_github_luben_zstd_Zstd_errNoError
libzstd-jni-1.5.7-6.so	Java_com_github_luben_zstd_Zstd_errParameterOutOfBound
libzstd-jni-1.5.7-6.so	Java_com_github_luben_zstd_Zstd_errParameterUnsupported
libzstd-jni-1.5.7-6.so	Java_com_github_luben_zstd_Zstd_errPrefixUnknown
libzstd-jni-1.5.7-6.so	Java_com_github_luben_zstd_Zstd_errSrcSizeWrong
libzstd-jni-1.5.7-6.so	Java_com_github_luben_zstd_Zstd_errStageWrong
libzstd-jni-1.5.7-6.so	Java_com_github_luben_zstd_Zstd_errTableLogTooLarge
libzstd-jni-1.5.7-6.so	Java_com_github_luben_zstd_Zstd_errVersionUnsupported
libzstd-jni-1.5.7-6.so	Java_com_github_luben_zstd_Zstd_errWorkSpaceTooSmall
libzstd-jni-1.5.7-6.so	Java_com_github_luben_zstd_Zstd_findDirectByteBufferFrameCompressedSize
libzstd-jni-1.5.7-6.so	Java_com_github_luben_zstd_Zstd_findFrameCompressedSize0
libzstd-jni-1.5.7-6.so	Java_com_github_luben_zstd_Zstd_getBuiltinSequenceProducer
libzstd-jni-1.5.7-6.so	Java_com_github_luben_zstd_Zstd_getDictIdFromDict
libzstd-jni-1.5.7-6.so	Java_com_github_luben_zstd_Zstd_getDictIdFromDictDirect
libzstd-jni-1.5.7-6.so	Java_com_github_luben_zstd_Zstd_getDictIdFromFrame
libzstd-jni-1.5.7-6.so	Java_com_github_luben_zstd_Zstd_getDictIdFromFrameBuffer
libzstd-jni-1.5.7-6.so	Java_com_github_luben_zstd_Zstd_getDirectByteBufferFrameContentSize
libzstd-jni-1.5.7-6.so	Java_com_github_luben_zstd_Zstd_getErrorCode
libzstd-jni-1.5.7-6.so	Java_com_github_luben_zstd_Zstd_getErrorName
libzstd-jni-1.5.7-6.so	Java_com_github_luben_zstd_Zstd_getFrameContentSize0
libzstd-jni-1.5.7-6.so	Java_com_github_luben_zstd_Zstd_getStubSequenceProducer
libzstd-jni-1.5.7-6.so	Java_com_github_luben_zstd_Zstd_hashLogMax
libzstd-jni-1.5.7-6.so	Java_com_github_luben_zstd_Zstd_hashLogMin
libzstd-jni-1.5.7-6.so	Java_com_github_luben_zstd_ZstdInputStreamNoFinalizer_createDStream
libzstd-jni-1.5.7-6.so	Java_com_github_luben_zstd_ZstdInputStreamNoFinalizer_decompressStream
libzstd-jni-1.5.7-6.so	Java_com_github_luben_zstd_ZstdInputStreamNoFinalizer_freeDStream
libzstd-jni-1.5.7-6.so	Java_com_github_luben_zstd_ZstdInputStreamNoFinalizer_initDStream
libzstd-jni-1.5.7-6.so	Java_com_github_luben_zstd_ZstdInputStreamNoFinalizer_recommendedDInSize
libzstd-jni-1.5.7-6.so	Java_com_github_luben_zstd_ZstdInputStreamNoFinalizer_recommendedDOutSize
libzstd-jni-1.5.7-6.so	Java_com_github_luben_zstd_Zstd_isError
libzstd-jni-1.5.7-6.so	Java_com_github_luben_zstd_Zstd_loadDictCompress
libzstd-jni-1.5.7-6.so	Java_com_github_luben_zstd_Zstd_loadDictDecompress
libzstd-jni-1.5.7-6.so	Java_com_github_luben_zstd_Zstd_loadFastDictCompress
libzstd-jni-1.5.7-6.so	Java_com_github_luben_zstd_Zstd_loadFastDictDecompress
libzstd-jni-1.5.7-6.so	Java_com_github_luben_zstd_Zstd_magicNumber
libzstd-jni-1.5.7-6.so	Java_com_github_luben_zstd_Zstd_maxCompressionLevel
libzstd-jni-1.5.7-6.so	Java_com_github_luben_zstd_Zstd_minCompressionLevel
libzstd-jni-1.5.7-6.so	Java_com_github_luben_zstd_ZstdOutputStreamNoFinalizer_compressStream
libzstd-jni-1.5.7-6.so	Java_com_github_luben_zstd_ZstdOutputStreamNoFinalizer_createCStream
libzstd-jni-1.5.7-6.so	Java_com_github_luben_zstd_ZstdOutputStreamNoFinalizer_endStream
libzstd-jni-1.5.7-6.so	Java_com_github_luben_zstd_ZstdOutputStreamNoFinalizer_flushStream
libzstd-jni-1.5.7-6.so	Java_com_github_luben_zstd_ZstdOutputStreamNoFinalizer_freeCStream
libzstd-jni-1.5.7-6.so	Java_com_github_luben_zstd_ZstdOutputStreamNoFinalizer_recommendedCOutSize
libzstd-jni-1.5.7-6.so	Java_com_github_luben_zstd_ZstdOutputStreamNoFinalizer_resetCStream
libzstd-jni-1.5.7-6.so	Java_com_github_luben_zstd_Zstd_registerSequenceProducer
libzstd-jni-1.5.7-6.so	Java_com_github_luben_zstd_Zstd_searchLogMax
libzstd-jni-1.5.7-6.so	Java_com_github_luben_zstd_Zstd_searchLogMin
libzstd-jni-1.5.7-6.so	Java_com_github_luben_zstd_Zstd_setCompressionChainLog
libzstd-jni-1.5.7-6.so	Java_com_github_luben_zstd_Zstd_setCompressionChecksums
libzstd-jni-1.5.7-6.so	Java_com_github_luben_zstd_Zstd_setCompressionHashLog
libzstd-jni-1.5.7-6.so	Java_com_github_luben_zstd_Zstd_setCompressionJobSize
libzstd-jni-1.5.7-6.so	Java_com_github_luben_zstd_Zstd_setCompressionLevel
libzstd-jni-1.5.7-6.so	Java_com_github_luben_zstd_Zstd_setCompressionLong
libzstd-jni-1.5.7-6.so	Java_com_github_luben_zstd_Zstd_setCompressionMagicless
libzstd-jni-1.5.7-6.so	Java_com_github_luben_zstd_Zstd_setCompressionMinMatch
libzstd-jni-1.5.7-6.so	Java_com_github_luben_zstd_Zstd_setCompressionOverlapLog
libzstd-jni-1.5.7-6.so	Java_com_github_luben_zstd_Zstd_setCompressionSearchLog
libzstd-jni-1.5.7-6.so	Java_com_github_luben_zstd_Zstd_setCompressionStrategy
libzstd-jni-1.5.7-6.so	Java_com_github_luben_zstd_Zstd_setCompressionTargetLength
libzstd-jni-1.5.7-6.so	Java_com_github_luben_zstd_Zstd_setCompressionWindowLog
libzstd-jni-1.5.7-6.so	Java_com_github_luben_zstd_Zstd_setCompressionWorkers
libzstd-jni-1.5.7-6.so	Java_com_github_luben_zstd_Zstd_setDecompressionLongMax
libzstd-jni-1.5.7-6.so	Java_com_github_luben_zstd_Zstd_setDecompressionMagicless
libzstd-jni-1.5.7-6.so	Java_com_github_luben_zstd_Zstd_setEnableLongDistanceMatching
libzstd-jni-1.5.7-6.so	Java_com_github_luben_zstd_Zstd_setRefMultipleDDicts
libzstd-jni-1.5.7-6.so	Java_com_github_luben_zstd_Zstd_setSearchForExternalRepcodes
libzstd-jni-1.5.7-6.so	Java_com_github_luben_zstd_Zstd_setSequenceProducerFallback
libzstd-jni-1.5.7-6.so	Java_com_github_luben_zstd_Zstd_setValidateSequences
libzstd-jni-1.5.7-6.so	Java_com_github_luben_zstd_Zstd_trainFromBuffer0
libzstd-jni-1.5.7-6.so	Java_com_github_luben_zstd_Zstd_trainFromBufferDirect0
libzstd-jni-1.5.7-6.so	Java_com_github_luben_zstd_Zstd_windowLogMax
libzstd-jni-1.5.7-6.so	Java_com_github_luben_zstd_Zstd_windowLogMin
